{"cameraMode":{"drawMode":0,"name":"Shaded","section":"Shading Mode"},"sceneLighting":false,"audioPlay":false,"sceneViewState":{"showFog":false,"showMaterialUpdate":false,"showSkybox":false,"showFlares":false,"showImageEffects":false,"showParticleSystems":false},"in2DMode":false,"pivot":{"x":-2.3598856925964357,"y":4.126699924468994,"z":-46.315467834472659},"rotation":{"x":0.29277703166007998,"y":0.40752384066581728,"z":-0.1375822275876999,"w":0.8550931811332703},"size":4.422021865844727,"orthographic":true}